day_month,y2020,y2019,y2018,y2017
2020-07-02,NA,NA,NA,9.9
2020-07-01,NA,NA,11.5,10.3
2020-06-30,NA,13.9,13.4,10.7
2020-06-29,NA,13.5,12.2,10.3
2020-06-28,NA,16,13,9.3
2020-06-27,NA,17.1,14.1,11.4
2020-06-26,NA,15.3,14.3,9.2
2020-06-25,NA,12.8,13.3,13.1
2020-06-24,NA,9.6,14.4,13.6
2020-06-23,NA,9.2,21.1,10.7
2020-06-22,NA,18,21.6,11.9
2020-06-21,NA,19,15.2,13.2
2020-06-20,NA,13.8,14.8,14.5
2020-06-19,NA,17.7,11.6,14.5
2020-06-18,NA,11.2,12.8,9.9
2020-06-17,NA,11.2,8.6,13.6
2020-06-16,NA,8.2,10.6,17.2
2020-06-15,NA,18.7,9.5,12.2
2020-06-14,10.1,13.1,9.7,12.5
2020-06-13,8.9,15.5,11.1,13.6
2020-06-12,9.6,11.9,14.1,12.6
2020-06-11,10.6,19.3,13.7,11.7
2020-06-10,11.7,25,14.8,16.5
2020-06-09,11.6,25.1,10.8,17
2020-06-08,9.6,18.9,12.4,12
2020-06-07,8.9,13.1,14.3,10.6
2020-06-06,7.4,17.7,12.1,12.5
2020-06-05,9.4,16.2,11.6,15.4
2020-06-04,13,12.5,11.7,22.4
2020-06-03,10.1,12.1,11.5,26.7
2020-06-02,8.5,12,17.1,22
2020-06-01,9.9,23.1,11.8,19.9
2020-05-31,6.7,20.2,16.8,19.5
2020-05-30,7,29.5,12.7,17.6
2020-05-29,7.2,24.6,20.7,15.4
2020-05-28,6.3,23.2,25.8,15
2020-05-27,10.3,21.2,26.1,18.8
2020-05-26,13.2,15.6,29.7,23.8
2020-05-25,11.9,13.4,29.7,23.9
2020-05-24,10.7,16.5,27.7,24.5
2020-05-23,13.9,23.7,35.4,22.8
2020-05-22,15.9,20.9,27.1,26
2020-05-21,11.1,21.1,21.5,16.4
2020-05-20,13.2,26.1,21.3,17.1
2020-05-19,17.7,16.6,29.5,15.2
2020-05-18,14.3,13.8,19.2,11.7
2020-05-17,12.9,17.4,17.8,12.3
2020-05-16,10.4,19.4,17.1,13.9
2020-05-15,9.8,25.2,15.4,16.9
2020-05-14,10.3,13.5,16,19.4
2020-05-13,8.1,21,12.4,20.9
2020-05-12,7.6,12.8,27.3,20.4
2020-05-11,7.8,16.5,27.1,18.3
2020-05-10,6.4,14.7,19.7,11.3
2020-05-09,6.6,20.5,16.5,16.1
2020-05-08,7.6,29.5,10.9,22.3
2020-05-07,6.7,31.6,21.2,22
2020-05-06,8.2,28.9,20.7,26.8
2020-05-05,8.2,21.6,16.9,20.4
2020-05-04,6,22.9,11.4,15.5
2020-05-03,5.5,15.2,12.4,26
2020-05-02,5.1,15.5,11.2,27.8
2020-05-01,7,24.9,11.2,15.4
2020-04-30,6.6,30.8,19,15.4
2020-04-29,6.9,21.9,15.6,23.8
2020-04-28,6.3,16.6,12.3,16.5
2020-04-27,5.4,16.5,15.7,18
2020-04-26,6.7,21.9,27.1,14.8
2020-04-25,6.9,16.6,27,15.4
2020-04-24,9.3,20.8,23.1,12.5
2020-04-23,8.9,26.4,16.6,13.9
2020-04-22,9.3,26,15.3,17.6
2020-04-21,7.2,26,12.7,19.8
2020-04-20,8.2,22.3,15.5,24.9
2020-04-19,6.8,18.5,18.6,20.6
2020-04-18,5.9,13.4,15.4,25.3
2020-04-17,6,11.5,19.2,28.2
2020-04-16,9.7,13.5,24,28.6
2020-04-15,9.1,15.7,19.4,31.5
2020-04-14,9.7,NA,18.4,35.5
2020-04-13,9.1,17.6,16,24.2
2020-04-12,6.4,15.3,14.6,19.9
2020-04-11,8.1,20.7,12.8,20.6
2020-04-10,9.4,24.2,15.8,16.4
2020-04-09,6.7,21.9,14,16.1
2020-04-08,5.9,20,12.2,24.9
2020-04-07,5.8,17.9,14.5,19.8
2020-04-06,7.2,22.7,16.5,14.7
2020-04-05,7.7,29.5,18.3,15.4
2020-04-04,7.1,28.6,16.9,20.9
2020-04-03,6.2,23,16.6,20.2
2020-04-02,5.6,24.1,15,17.6
2020-04-01,6.2,15.9,12.2,20.9
2020-03-31,5.9,16.7,14.9,19.7
2020-03-30,6.2,24.4,15.3,17.7
2020-03-29,5.8,27.1,15.3,17.7
2020-03-28,6.4,26.7,18.5,20.4
2020-03-27,5.9,20.9,17.8,16.9
2020-03-26,6.5,17.5,15.4,16.1
2020-03-25,8.1,15.2,14.6,17.8
2020-03-24,11,14.7,15,18.7
2020-03-23,10.2,15.8,13.2,22.7
2020-03-22,11.3,12.3,14.8,19.4
2020-03-21,17.7,14.6,18.1,18.5
2020-03-20,21.9,22.4,20.9,16.9
2020-03-19,20.2,24.2,16,19.7
2020-03-18,18,21.9,12.4,18.3
2020-03-17,17.6,20.2,13.4,15
2020-03-16,16.2,17.2,16.2,20.9
2020-03-15,15.9,18.1,15.5,18.8
2020-03-14,13.5,21.9,17,14
2020-03-13,17.6,26.6,16.8,9.3
2020-03-12,14.9,17.6,15.8,12.1
2020-03-11,12.6,24.7,15,12.7
2020-03-10,12.7,20.5,15,15.2
2020-03-09,13.8,20,16.3,17.6
2020-03-08,15.9,24.1,18.7,16.9
2020-03-07,14,22.3,15.8,24.9
2020-03-06,13.3,19.2,14.9,20.3
2020-03-05,13.6,16.2,14.6,20.2
2020-03-04,18.3,16.5,13.9,19.4
2020-03-03,28.4,18.5,14.3,18.6
2020-03-02,21.9,31.4,15.5,23.5
2020-03-01,16.9,22.9,17.2,28.2
2020-02-29,15.2,NA,NA,NA
2020-02-28,15.8,18.4,16.9,28.9
2020-02-27,20.5,14,14.5,20.5
2020-02-26,21.9,20.9,12.1,18.7
2020-02-25,21.2,24.2,13.6,17.5
2020-02-24,18.9,19.5,19.2,16.7
2020-02-23,18.1,14.5,19.4,18.3
2020-02-22,16.6,13.5,17.2,16.5
2020-02-21,12.2,21.1,21.5,16.1
2020-02-20,16.8,24.2,18,21.5
2020-02-19,24.2,23.8,17.6,22.4
2020-02-18,25.5,27.2,15.4,23.8
2020-02-17,25,17.8,15.4,20.9
2020-02-16,23,15.2,15.4,23.8
2020-02-15,18.3,19.3,12.8,27.5
2020-02-14,13.9,24.7,12.5,26
2020-02-13,17.1,30.7,14.7,26.4
2020-02-12,21.6,31,11,24.5
2020-02-11,26.2,26.3,17.6,24.2
2020-02-10,23.8,22.9,22.7,21.6
2020-02-09,21.2,16.2,20.1,23.6
2020-02-08,21,17.2,20.9,24.3
2020-02-07,22.9,12.9,17.6,18
2020-02-06,19.7,23.4,19.4,19.4
2020-02-05,21.9,30.7,20.2,20.6
2020-02-04,25.3,20.9,15.8,26.2
2020-02-03,22.5,14.3,16.7,27.7
2020-02-02,18.8,15.2,18,27.5
2020-02-01,18.1,22.3,19.9,22
2020-01-31,19.1,27.9,14.6,22.7
2020-01-30,18.9,27.1,16.9,21.6
2020-01-29,17.3,21.9,16.8,15.8
2020-01-28,18.7,20.9,15.8,17.8
2020-01-27,28.6,19.3,15.8,16.5
2020-01-26,20.8,17.4,14.3,19.8
2020-01-25,25.1,18.1,16.5,29.7
2020-01-24,18.1,20,17.1,30.8
2020-01-23,14.8,19.1,17.4,25.5
2020-01-22,18.2,17.1,17.6,25.3
2020-01-21,19.4,24.8,13.6,28.6
2020-01-20,16,38,13.6,20.5
2020-01-19,14.6,29.8,15.4,20.2
2020-01-18,18.5,26.7,15.4,21.3
2020-01-17,15,32.6,14.7,17.8
2020-01-16,18.9,33.8,16.5,21.1
2020-01-15,18.7,21.6,20.9,27.5
2020-01-14,15.4,18.1,20.1,30
2020-01-13,22.8,29.9,19.8,28.7
2020-01-12,24.1,37.8,25.6,27.5
2020-01-11,22,33,21.9,25.3
2020-01-10,17.9,24.6,24.2,20.5
2020-01-09,12.2,20.5,24.9,23.4
2020-01-08,16.5,20.9,20.9,19.4
2020-01-07,18.8,22.5,19.1,16.2
2020-01-06,21.4,22.7,22.4,23.5
2020-01-05,20.2,25.3,22.6,22.7
2020-01-04,21.2,23.6,25.3,20.2
2020-01-03,18.8,28.8,21.6,23.1
2020-01-02,21,31.9,23.9,20.9
2020-01-01,21.1,29,25.6,21.3
